channel_name,num_videos
jeffcockrell101,2
shannonmills6615,3
GaurangadasOfficiall,301
learnsalesskills6569,1
gfc_ky,312
cnxcorporation6450,77
EMClipsHub,5
MelodyMemoirs2000,154
MarcLemezma,14
sandraleigh,136
JNewhouseMVNU,6
Lifelinetnt,523
FamilySupportBC,116
mikewalsworth,98
samjohnson2931,22
Throughthemaps,10
marisatrejos,1119
DesignUpConf,68
aimnextvietnam9853,78
goberemarkable,13
shaniceonbiz,108
Grace-el3ew,6
andreaioriokeynotes,91
WildBoxing,16
TrulyJuly,1630
globalhealingexch,212
TLCseminars,23
AlishahNovin,52
macrodailyco,61
mompreneursource,31
haileymorano6829,7
StudyclixIreland,612
daviddkline,141
insscideprojectmedia7746,23
sabrinamagana9540,7
MidtownChurchOrg,569
codiebower8551,3
RichardMcCannSpeaker,227
EzrilJamil,160
staceybodnar2294,10
noahmckone5839,1
almaliaekaputri2132,8
shawniganrotary4834,27
johanaelvir5915,6
kwktfox4498,10001
FolicMedia,3
MikeBoxwell,47
raeganchambers410,3
TechieTalkwithAditya,41
NotGoodAtYoutube,16
towneproductions586,43
FundooTutor,182
Funktionsratt,320
ElenaGabrielle,41
liya6205,11
jackiebradli,2
lyricist2318,2
thecopywhisperer,3
IITMOAA,453
zacutousa,523
drdeepats8189,48
Teyxo,88
WashingtonPerformingArts,345
InnovationCentreUSC,110
youversion,26
dr.jeffcomer5185,11
Tribevest,52
yhakim2,1
theinstituteforloveandtime2805,29
dreambigedu,67
rpdcollegebgm,14
matthewlinkner8380,3
stevendecuba601,83
middletemple6126,41
persuasionpursuit8453,46
wijikholifah1626,21
InspireYourJourney18,1
tawnybeeler,127
captainscoach149,122
elenateoks,12
Minsleif,50
yoniversemonologues3416,54
shreyashbhimanwar9491,1
starwarsbunker,14
GoodMorningsHQ,125
askhiralsumariya8442,26
mysterychannel925,31
avinashkmt,14
SamaritansPurseVideo,1894
SpeakingUnderPressure,7
03brittanyy,5
jaylin3455,109
corporatestorytellersaustr6757,7
hueasahikawaflippedclasses2514,21
EshtaghlOnline,58
FACTSYOUDONTKNOWBUTSHOULD,57
jeevgeo999,25
wordslayers,12
intimereactions,6
bkperryman1,425
tabithalette8960,4
earwolf,153
aneetaphilip3318,9
DigitalMarketingTrends,88
OrganizeIQ.,2
favouritestories22,2122
juliasmail6751,4
chandlerturner8232,2
klpaseka,6
PastorMelissaScott,1831
CynthiaNixonTechNix,15
ReformationDesigns,75
hot.love.story12,159
lukecraig9972,35
booksuccess9836,34
GordianbusinessAu,25
deananthony8168,68
michelnerayspeaker,11
myshootingchampion12,45
AcatalepticMeditations,63
nalinisingh05,3
officialStoryMOOC,46
chperinatal,7
PrincessButtercup777,187
bis_africa,65
desireedivino2143,10
VicMotivation243,5
stablesuk,35
Entivate,29
samleininger2494,58
wirmayanti8537,17
Bannekerbones,1903
newhorizonstrategiesllc4719,9
hersheycausevideo,19
JoBlackwell-MidlifeAndBeyond,114
MelSherwood_,111
spiritfarm67,129
inspirednews3365,7
folkafricantales,25
jessecox,5912
JaNetAdams,237
dougcontreras2665,49
cambodiasfuturefoundationc3120,12
k8siegelconsulting,5
sheri_fitts,11
ROZDAB,4
lesamueller,5
aldarexperts,27
noelledemarinis7417,6
shesthefirst,181
bookifybooksummaries,69
DrStephanieEstima,638
strategiesforwriting,168
zellisecommerce,8
helenhaynes259,13
whatsnextiowa8419,7
christinepilkington,4
LeonUnity,63
Netswitch,23
xpressoft6884,1
creativetimenewyork,703
Writingbasics,17
mambomediainc,2
rwightman856,9
InterPassChannel,247
magisto,284
iFilmThings,75
Joltcms,52
cullenbarkauskas1592,6
nelma.arcela.boncales9431,1
CharWhiteWrites,20
Stories-of-Wisdom,42
BowTieWriter,111
NFCAorg,760
paulahogan2872,1
fedorenkolanguagelab5370,1
olschis_art,79
hustleforgreatness1398,3
kimbakotschi,25
leapstartafterschoolmedia9388,72
ComicBookRadio,39
cliffwalker2026,13
TommyAdy,138
socialseedmarketing,8
SoapboxtotheStage,38
130090558,2
smartstretch,172
caitlinkushnir7057,16
mnrtsdi,35
lisawaite5698,4
katesmckay,201
christianorguk,3368
ghostriderpictures192,70
drsharpwrite,35
jnboylan07,63
Godslilgurl21492,6
DigitalMomentCA,74
melih.05,27
emilypulcastro2256,214
RuhanKiDuniya,134
TheDailyBoostUpdate,3
Niahtmare,4
TheStoryMaestro,17
WritingQuest,351
funkykittus,1
shivizikigai,36
juliabarber6398,2
gboyegaadeyeye4220,1
dist8tm,141
earlychildhoodcoloradopart8031,11
CASTrips,95
brandyoubusiness3453,3
CrystalandFelicity,122
stoneysunshine,5
juliankwok,1
mountainstatesconcretepipe1862,39
nifemiojo8125,9
ViralishCouple,141
intellect_junction69,3
JMinnoJr,4
TheWriteAngle,6
thesideincomeideas,160
frugalfundamentals,14
cityofquesnel3675,145
researchfacttv,2
EmpowHER2024,1
bossybrilliantbadass7308,30
endlessrequiem9231,72
kellihayessmith,51
uclcentreofengineeringpoli8770,10
kadapuramunited-reloaded7143,14
worldinnovatorsmeet2762,29
maithili_sreetan1416,79
ThirdWorldStudiesCenter,428
prospectlabs3332,11
chetanmukati01,6
sazbooks,165
AuthorElliot,48
workspeak6308,3
KMotionTV,26
remotesalescareers,6
learningmoralvalues7724,12
DanExclaims,172
NyungSem,9
arunasbruzas610,69
Bea20007,37
OxbowAdvisors,332
TransLashMedia,266
NSAASpeakingTips,10
JonCronshawAuthor,549
jadehicks7547,68
darrelyeo,23
willodocs3789,20
InspireGoodVibes,87
TheCriticalDrinker,486
alchemyjustenglishbydr.anj6721,42
raufmashod1837,1
expertsolutions8535,1
uvasommededtechnology8971,62
angelametcalf3979,3
books_aesthetic,34
fruitfulreader,55
lindasrealdealtalkshow8872,73
VisualSpeak,8
HilariousHarvey-wp3rn,19
FilmFixChannel,12
paulhoffman1766,9
pattispassion,76
MattGreenComedy,469
TheLecturetools,4
Tesrex,19
SeanMahon,51
GreatManagement,19
taniyalighten8253,3
ReactToolBoxJS,3
PermitSonoma,100
readtheroom9230,7
kumpulantugaskuliah,48
BC_Schiller_Institute,16
GreenKidsNow,78
shesreading01,1
epreppnf7236,137
steinijg,6
chilltaketime,24
teachingofspeakingchannel5987,66
KrutikaAngane,11
thehendersongroup,6
Pizzazzpresentations,11
Knowledgejoy-mm2jt,152
fanjiaquan9527,12
kenesepp,182
LovableChef777,20
savannahdavid6753,3
keeleerazee3463,3
AndrewTwelftree01,136
MoroccanReaders,70
silentNikka,27
MarketingRebel,125
breakingdownthepages,23
linkedhelpers7406,22
Guitarzoom,1384
liawood8839,4
YashReddy11,2
learnwithatta382,18
scsblog,39
moniquenatividad2939,6
LCPDigitalLearning,205
awillardable,18
moremax8006,1
mhc1388,1
BeyondHorizons8606,16
kellilloyd7860,286
let_them_listen,8
TrueFireTV,10001
skrclassicalworld9794,174
lelandgaunt6215,435
amandaoleary6035,27
NoLimitsProductions,44
vdimarcostudios,15
diegoledesmaflores3789,5
GlobalPeterDruckerForum,209
jolaundaadams3012,1
evamariahanson1443,2
jeremiahforshey5725,15
ADCSandbox,205
mandy-maltz,485
BC_Transplant,137
RyanRead,467
Kindful,61
USMLEMasterclass,6
michaelwestlandrose,23
umdgradschool,100
Sovchildrenministry,10
ZeroToPiano,138
klicxz4652,23
themusingbox,20
ISeeYou_Official,2
heathermarshall9587,5
triciamaesantos1776,45
berkeleycenterforlawtechno6490,7
AdamDRutledge,156
mohitsastracc,1
theinstitutefortheadvancem9964,20
elishevahudson325,79
showmesenatehearings,389
PJEnterpriseAcademy,142
MediaManagers,8
jackbunclark3478,7
talkdesignpodcast,39
bumpybear,5
srayssolutions594,1
coachingcatalyst7270,19
FergalBell,2
iguanaus,4
kadampameditationcentreliv8912,4
ascendspeechanddebate5337,14
AdapticaSrl,41
ByronLindsey,10
EagleScoutMacGuzman,74
patriciatianzon825,3
Intertechlgbt,5
greghemmings2209,69
donaldbest1295,11
MekaillaPatiluna,1
DanielMartinCouncillor,23
onlinelearningavenues2734,5
dennisbauer9418,27
keyelondon869,8
stepstopublicspeaking1188,8
youtubefamily6895,1
intothespotlight1628,22
div609,22
gauthierraad,70
LanacionDATA,218
skillwithjeganamalraj5470,1
klrvirtualacademy8167,36
businesstalkwithbusinesspr136,283
ahmaduol,18
AikenLikesMovies,40
srirahayu_nj,323
vanessanaylon,98
ComicBookSchool,20
Genuinereviewdigitals,5
youngmarketer92,21
codymclean5266,2
migueleparga,41
SheikhMansoorFestival,821
sirloopyarts,56
germanguambo6752,28
kantdarshanpublicschool5709,5
sacredstories2696,12
fadhilismi533,4
Makiita0524,1
kevinhumphreynobleza1012,2
YourLessonsNow,29
projectPEARpsu,5
courseraproject4850,1
launchspace411,13
ELstickman5,2
Smart-Kids2023,168
agonz013,1
JackGordon,327
FayBCastro,49
thepublicspeakingcourse3566,2
SarahHenryLearningSolutions,2
ranaahmadshaheed4643,79
centerforteachingandlearni2300,13
butusamantaray5773,4
iamlegend2566,7
WsiglobalnetGlasgow,22
TheBradleydwyer,11
mralpha2885,2
JoyPlaySuccesS,7
bradymckenna2295,3
colinhenderson9633,3
zachfischer2574,5
FarzanaZakariah,91
iclickerofficial,108
hackingstan2834,12
Sentiospace,19
MasteryTalks,8
yoursomeone,1
Ianlaralive,91
ceilsmedia7050,19
alexeymorov3922,18
mediatrainingworldwide,50
RobinManuell,26
goffballz,30
scalochac,141
tigerteambiztraining,13
PoliceEncounter,144
wjkcoachingconsultancy7494,22
speechlab8147,8
Dennygirl02,4
top5reviewsamazon138,32
ryoleong,23
artistsnetwork,1005
premiumpluslessons,76
mastel2,5
bondprojecteurope2974,70
jcs-optimizer,22
OfficePlusSimplyMore,394
PixelPotatoe,10
kfiglobaltribe4231,300
midwestdigitalmarketingcon6169,139
LizHunt_Consulting,60
dougmanuel69,33
adewse,35
gregorytallcompany,11
mateosamper6453,1
JarrodResmondo,1
DRTOMTALKSCHOLARSHIPS,50
HillierSmith,60
AutumnAsphodel,492
PaddyFact,1
Catchysmells,2
caremessage6318,50
simonandrew3415,129
aespasnewjeans,4
alanduncan1636,4
turbo_pit-fighter_comic,443
sarahbufe4995,3
camillesharem,618
DaleCarnegieNW,22
mongchingsha5940,9
jsyreini1,32
SimsUshare,117
joshforce,31
programmingforbeginners-si8831,4
yoursignaturetalk,7
TheObservingI,101
missreillyenglish2460,31
CapturedInWords,302
sandman270578,9
KaaShaif,63
ThriveandRise,7
TheLorebrarians,180
bowens57,7
kinng9154,10
VlogwithKing,49
Creativedynamicsva,5
pantamer,7
daishagonzalez3823,1
EnglishwithMsSkeene,144
ToastMediaHD,10
Anna-bz7ii,2
gmumec3294,32
PaulPadua,106
themotiverse7052,2
jltdubaitoastmastersclub4159,119
nikandevaspeakman,356
vaughanevans5164,9
dameraleadership3766,82
ajacademy7951,88
quidsiinc.3244,7
ChangeThatsRightNow,41
irwanfahmy4919,3
bradwetzler,64
tlrcl104speech,3
jamesstamatos6732,4
Manifest-Together,1
andrewkierland6661,3
moviesflix708,3
KamillaSultanovaWorld,80
MuslimMastery,701
redmondtoasterstoastmasters,41
ianhays564,2
IHE,277
mel752,216
trader_travis,44
georgetownelc,10
TheLilianChinelo,63
GeniusKidsOnline,3109
playincluded,20
vugar_ibrahimov,42
WildWestExtravaganza,153
terzakisassociates4691,54
meknowy,8
shelbyknapman3614,31
ihlaskoleji,225
DaveNabrotzkyYoungevity,272
geopoliticsculture,233
185771,14
FocusFeatures,1675
