,channel
1555830,pingdou
1555831,geetkohli8513
1555832,cyprusGraphics
1555833,dreamlinedesign416
1555834,dewittrw
1555835,caseygoh1795
1555836,dominicrusho
1555837,nazramizqizi4206
1555838,ms.ciesluk8014
1555839,Aw_tig
1555840,LearnAdobeNow
1555841,ferdydarnei948
1555842,memetshooting
1555844,BigBossBen
1555845,mohamedalinouri5739
1555848,DesignerNaby
1555849,alllbe
1555850,jelsonsprintingandnewmedia7958
1555851,sukunzindgi6624
1555852,VideoEditor_GraphicDesigner
1555853,deanamarzocchi682
1555854,ADBetFer
1555855,BookmobileDigital
1555856,mikecraymond
1555857,nsvirtualacademy
1555858,logobrainy2311
1555859,Amarachoudhary
1555861,phillipjacowski
1555862,SahadatRazib
1555863,quick.graphics
1555864,millichips1
1555865,MegaSomething101
1555866,jclaveria
1555867,ehaqueitinstitute
1555868,rajkumar-bt2vj
1555869,roohaghauri.illustrations
1555870,ThePortfolioTV
1555871,nkplus
1555872,ViralTim
1555873,indesignblindsaustralia
1555874,SeanAero
1555876,FromArchiisCreation
1555878,verzdraw
1555879,ojworldservices
1555880,catalogntime
1555881,renzanastudio5107
1555882,OPENPINOYiWatchYou
1555883,AlexandraHelm
1555884,prettygrafikdesign6440
1555885,thedesignerpriyapal1967
1555886,ITECatSFSU
1555887,illinoisstateuniversitytra8251
1555888,adobexlearning
1555889,cavcinteractive
1555890,mezhicreates
1555891,haveitdoneproductions2396
1555892,alphacutstudios6473
1555893,melissajwert
1555894,graphixstudio4294
1555895,mysticvoyager2025
1555896,TrichyTamilan2023
1555897,legendsk5363
1555898,crazyteddy3997
1555899,IMPRIMANTE3D
1555901,CRPRO
1555902,infinitemagicalstructures-ims
1555903,DanielTuko
1555905,NessDenisCreative
1555906,JaineelPatel
1555907,ipgraphicdesign
1555908,jimmypostierjr4549
1555909,mooppancake
1555911,purebuttonsmedia
1555912,vibrationtechnicals2706
1555914,nineeightdesign9824
1555915,rootgraphics6490
1555916,shelbyrossman4704
1555917,LubnaSameer1
1555918,likhoninfo716
1555919,elcocinator
1555922,Platform999
1555923,shots9849
1555925,fannyhilyatunnisa4172
1555926,fantastapack
1555927,peachtreepublishingcompany8453
1555929,EclipseDesigns
1555931,TahaGuides542
1555932,comingindia2459
1555933,graphicart1408
1555934,pyjamateacher536
1555935,childrenillustration
1555936,CaptainCompton0jerk
1555937,StelloDoussis
1555938,graphplus005
1555939,BoherArchitecture
1555940,renyoo2826
1555941,DevOpsDevSecopsDreams
1555942,believablyme
1555943,papercraftpanda5077
1555945,theimagingwire
1555947,dontblinkmedia9430
1555948,_xerxes_5425
1555949,cgtipsorg
1555950,rastywilliesenmirabite1058
1555952,H3A7Hart
1555953,isurujeewantha
1555954,johnktrz
1555955,tuiblog
1555956,supunsrinath
1555957,rafaelteresachinchilla
1555958,GraphicsFrontier
1555959,narendramore6803
1555960,premiumtutorials8604
1555961,MrBluFoam
1555962,thewheelchris3569
1555963,samialemsllek
1555964,aza721
1555965,sachint140
1555966,bgwebsolution55
1555967,PollierK
1555968,jimcowan2223
1555969,Designer____
1555970,cdtfb
1555971,seemathapavlogs7552
1555972,QueonDemand
1555973,myhome6779
1555975,designerrimsha9334
1555976,RK3434
1555979,mehmetyufka
1555981,aibasic8432
1555982,normanmaynard5297
1555983,basicgraphicdesign3302
1555984,GFXTANVIR
1555985,sciencefreelancingacademy7919
1555986,Oloshdesigner
1555987,bijoydesigngraphics1615
1555988,joeldabest638
1555989,turtleyed6227
1555990,alishaharper3591
1555993,jonathanlevit7042
1555994,thonypedrossa4284
1555996,msayed25
1555997,docapple
1555999,sermonsatbyron9805
1556000,marymanzanares8958
1556001,n3xia23
1556002,razaphics
1556003,tommy_okai
1556004,mubasahrali7196
1556006,kashifarif2861
1556007,ProfessorVfx
1556008,2nowmm985
1556009,BNAAdmin-iy5oe
1556010,AllSystemsInt
1556011,mngraphix
1556012,JHLeather
1556013,ahmedelkhdrawy6915
1556014,InDesignCS6
1556015,MariaslearningHub
1556016,darwinpapasin8788
1556017,shkalikovengineering3712
1556018,TechnicalTracks
1556020,graphicdesignbyarta
1556021,corelchoy8102
1556022,rendertimestudio
1556023,almatraining5634
1556024,buharimasthan6370
1556025,NRokotyan
1556026,dcsev
1556027,IKDesigns
1556028,readlovely7365
1556029,dmitchelldesign
1556030,JatinArt01
1556031,FeelFreeGraphicDesign
1556032,zahrayousefi4445
1556033,Cars1nc
1556034,cesarmadrid.5618
1556035,mdoyledesigns
1556036,designraid4416
1556037,gfxexpert2856
1556039,becca_a_hadley
1556040,atgraphicsindia
1556041,domenic822
1556042,mvladislav1
1556043,jptutorials99
1556044,Dreemer
1556045,MyJTran1
1556046,gardnerneal
1556048,ultrawhat
1556049,mfdesignss
1556050,thedesignshrimp864
1556051,Software-Bugs
1556053,peterbella4058
1556054,berniefritts1572
1556056,illuminateddanontv
1556057,williamchristensen9881
1556058,techneron5931
1556059,theminnow100
1556060,lindamiller8920
1556061,alenerge1132
1556062,karansuthar8677
1556063,MomthatSews
1556064,Happilyorganised
1556067,shellytruman5429
1556068,jfndrafting7107
1556069,LEMONSTAR-CHINA
1556070,howtographi-x9423
1556071,officezone965
1556072,PixaromaDesign
1556074,joke4me
1556075,Oceanofgraphics
1556076,linkwenk2632
1556077,DanOzz1
1556078,barcodemaking3921
1556079,papercraftersmuse833
1556080,PedroPerez-ns8mw
1556081,rkgraphic2777
1556082,macgrunt8598
1556083,10secondsdraw59
1556084,JessyWa
1556085,Humansoutside
1556086,LEMON-fc7dn
1556087,Tanmoybaruah1
1556088,Leah-oh8uj
1556089,damidesign4023
1556090,rimonartwork8892
1556091,ahmadroqashfilms6061
1556092,patrickpedrosa8720
1556093,symum_xs
1556094,logotutorials1542
1556095,happieteach4431
1556097,warunasenanayaka8402
1556098,sahuin3820
1556099,motionbd20
1556100,photoshopdesign5060
1556101,HMtech360
1556102,mfxtechnical3856
1556104,tahmeenagraphics3380
1556105,tbox5403
1556106,FreshInkByFerdous
1556107,BGTvideo
1556108,hackingthevalley
1556109,Raxx425
1556110,bernardaschwanden1687
1556111,JEYANADOBE
1556112,paintbuoy
1556114,hannel/UCLh_9DUQKLmQF0LhxAdx94A
1556115,feklee
1556116,wantirmizi1522
1556117,Uniquebadmintiongame
1556118,mistrymakes3433
1556119,brittanygriffiths3584
1556122,guidancetips
1556123,designtv4331
1556124,carriecantwellart
1556125,benjiaomodular
1556126,Dinoart
1556127,aavriticlasses9176
1556128,MOESCPrintShop
1556129,dtptraining3974
1556130,p3wx4
1556131,printprinz8186
1556133,icreatevisuals6162
1556134,titandesignz6519
1556135,graphicsuccess3771
1556136,RedokunHQ
1556137,adesfavs
1556138,FridaDaVinci
1556139,infinitydesign7753
1556140,freelancewithirfan
1556142,/AmineElIdrissiRife%C3%B1oh
1556143,mr.bgraphicslab9130
1556144,conquestgraphics4481
1556146,BravoArchitects
1556147,garthn2561
1556148,NacieCarson
1556149,ScottBurel
1556150,abcprintmaking472
1556151,BuildingpointfloridaTips
1556152,ibooksauthoressentials7543
1556153,vectortopic
1556154,robindranathonline
1556155,SCRT
1556156,relayter4031
1556157,designwithbilal6025
1556158,JamesTherrienboulder
1556159,1001bitcom
1556160,lynneyun
1556161,jenofevedesigns
1556162,herknowledge
1556164,OfficialHDesign
1556165,excreatiive3999
1556166,pinnacleresultsllc7171
1556167,ekaterinabjerrum2071
1556169,justdrawit9794
1556170,secretsworld5
1556172,pingel83
1556173,cfm6627
1556174,seanking7840
1556175,corinne025
1556176,m.h.design
1556177,roninstudio2037
1556178,johncolgan1036
1556179,bluestoneaquaticdesigns1302
1556180,johnzhang8347
1556181,SketchUPUA
1556182,CreativeOutlooks
1556183,travisflohr8855
1556184,franceshanna3724
1556186,DesignActivism
1556187,sreevani-graphics
1556188,CommonLook
1556189,FacuForchi
1556190,erkanturker1364
1556191,lionetkgz9275
1556192,tryprasetyowibowo3902
1556193,koreaneinstein
1556196,cltee
1556197,aameernurtheen771
1556198,seeleycreekww
1556200,beemanxdesign.4611
1556201,impulsemalaysia6842
1556202,spaceguns
1556203,architectskills
1556205,sheleencocea
1556206,apdprintinginc7456
1556207,ThePackers1092
1556208,NVINADESIGN
1556209,JCWPrinting
1556210,aneeqarahim1665
1556211,todddesoto6146
1556213,Eramadazdesigns
1556214,jugnooart5345
1556215,expatinksa5658
1556216,thomasmetcalf3266
1556217,Jables1195
1556218,Semplicemente_Crypto
1556219,theartofmotherhood
1556220,xanikx4638
1556221,yougfx3542
1556222,hannel/UCegKDBFMUSQNeWe4FAB7aig
1556223,Dtptips
1556224,JayReimer5
1556226,printing8151
1556227,PaoloScardina
1556229,jurgaartlab6614
1556230,citycolors5057
1556231,khaderhumied5613
1556232,kevinccy
1556233,I_dont_play_games_4_fun
1556234,blackowl3493
1556236,masakenda
1556237,perpendicular5293
1556239,studentofarchitecture267
1556240,HPXprinting
1556241,mohammed_erh
1556242,anikalorayne
1556243,mediagraph6163
1556244,benzerpharmacy9804
1556245,acads.22
1556246,sketchuppro2337
1556247,RSComponentsKR
1556248,mhdartstation
1556249,anda-ansheen
1556251,MNHGraphicStudio
1556252,InDesignExpert
1556253,graphicschool8707
1556254,cheriemckinley1415
1556255,viingxag9425
1556256,soenergy3791
1556257,vg.designss
1556258,TomaderRannaghor278
1556259,alejandropacheco4116
1556260,GaddafiSarker
1556261,mrbrastbangla3
1556262,ittecture4005
1556263,boomen1
1556265,neosimulations
1556266,vectorbomb6892
1556267,davidd1681
1556268,HeatSpring
1556269,gladucame3795
1556270,LookatthatZaProductions
1556271,architects49
1556272,walidbensaid8592
1556273,EverythingaboutConstruction
1556274,diaki1911
1556275,afruitclub9070
1556276,MPgraphic
1556277,RoArvea
1556278,elliecallaghan8566
1556279,moriha642
1556280,yorkeprinte
1556281,Packly-FR
1556282,kelliechua356
1556283,hema1lotfy
1556284,1stPsychoman
1556285,conceptwing1314
1556286,UIllustrator
1556287,SMcreativertStudio
1556288,annpapoulis8358
1556289,illustratorvibes755
1556290,CraftGearPro
1556291,khukurination1209
1556292,RichardDue
1556293,cpsajeev
1556295,rtechsolution8044
1556296,ezgeek8422
1556297,hazrainshafika767
1556298,nusratmoury
1556299,saleh.visuals
1556300,k8cosgrove
1556301,crumds4648
1556302,ericmetzner3334
1556303,goodstuffnononsense
1556304,briancarson249
1556305,naughtgaming8691
1556306,jonestowntechteacher923
1556307,altafrai2450
1556308,dotaivisual
1556309,JayeshChauhan-ht7xn
1556310,SquallDawg
1556311,digitalefabrik
1556312,yondakidane5347
1556313,ProQuill
1556314,iandouglashoward
1556315,sanketshingate340
1556317,holysc2012
1556318,heatherbuckingham1
1556319,midogebo
1556321,kithsophal
1556322,foliamo
1556323,madVal8
1556324,thesuper1854
1556325,rporzel1
1556326,Kat-tq6tm
1556327,rubytes6112
1556328,oilzart7081
1556329,ARCHITECTEHAKIM
1556330,ALCONCORPINC
1556334,WardellBrownCartoonist
1556335,frasmac
1556336,ParadymeFlux
1556337,MattTavares
1556338,diecuttemplates8037
1556339,otaviobertoli7683
1556341,syeddesigns9270
1556342,LindeMaterialHandlingGmbH
1556343,CreativeDesignerLab7
1556344,haziqothman2799
1556345,cgitrackers6658
1556346,thedesignskills3564
1556347,thestudentassociationatthe8862
1556348,hafez5r
1556349,besttutorialsfolder
1556350,MrsEneglecta
1556351,szeckser
1556352,kesalt
1556353,logicr8r
1556354,ovsgraphics
1556355,KicoTV
1556356,daniloracho3677
1556357,PlayGamesByOnline
1556358,ms.lee-ads
1556359,yiannikamitsis
1556361,1mindesigns
1556362,silverbirch4444art
1556363,StarlinePrinting
1556364,jonathanspoelstra7063
1556365,feryum1
1556367,rapidobooks
1556368,sebastianfailla5
1556369,AllTrinketsandPrint
1556371,DrunkenMonkey121100
1556372,canprintcommunications8544
1556373,AlexTeachesGraphics
1556374,khmerstudy7361
1556375,PDFAutomationStation
1556376,QoppaSoftware
1556377,adampimm3245
1556378,formrouter
1556379,MariaJoseMoraGalvis
1556380,TechDesignHindi
1556381,CreatiVertical
1556382,javascriphtml
1556383,bibitv2118
1556384,hkgraphicsinc
1556385,user-NimsaraLakshan
1556386,RedFalconTV
1556387,onedesign4126
1556388,KilroyPlays
1556389,NewVistaPhoto
1556390,Geetanjali.b
1556391,aineeds
1556392,signinjisan
1556393,dishajaysingpur
1556394,meistertv2244
1556395,yenngoc35565
1556396,ohcanary9099
1556398,hopscotchsolutions2410
1556399,ccsDisabilityAction
1556400,MASUDGRAPHICSTUDIO
1556401,iotindonesia
1556402,r.dezigner1886
1556403,CNATrainingCenter
1556404,ranktrend
1556405,maa-illustrations
1556406,EnterGraphic
1556407,weteachdesign2091
1556408,ReadsTube
1556410,vidiogado-gado9607
1556411,sjadesign
1556412,zachpearl7871
1556413,pointsnpixels9868
1556415,Pintobike
1556417,yesiamengineer3164
1556418,EasyWays-vq9jj
1556419,justdart
1556420,danibratton6897
1556421,alphabita6924
1556422,2xdesigner
1556423,alexandrafranzese
1556424,Sneputer
1556425,MeNMySandvich
1556426,JyotiYadavGraphix
1556427,RefaaeeNet
1556428,DesignWithSonet
1556429,journeyofbabo
1556430,ruzenkakotouckova6707
1556431,doodle-op-art3026
1556432,saltynorthstudio6795
1556433,bikokgaming7287
1556434,MadeByApril
1556435,lxgeewizbiz
1556436,farrukhfahim1997
1556438,BlackJackJonnyy
1556439,stevesspeedtips9175
1556440,LuqmanSulemani
1556441,stressrelease985
1556442,Lept
1556443,HowToVideoChannel
1556444,rebeccaseah5646
1556445,sahartistic9165
1556446,mone4439
1556447,dr_swhix
1556448,myboxprinter5382
1556449,mateobidaud
1556450,myxtutor8543
